mistressallieway,ef76ef3e-1210-4939-876d-da3a794a7ed2
cryo_winter,80a2e571-fa30-4bfc-a26a-785123e23357
hourlygryphon,f63df93f-fad3-4f4c-baf0-e8a6e2a7c0ce
mkai2000,af02ca29-3dda-4c10-bad8-64858a02aa9a
s0upa,979b6888-1c6b-483b-8e35-babd245b65e8
stev1ejohn,1e9dd4af-81ff-4466-a89b-8b225867b585
sourdoughll,a536e5be-e41d-4676-a4a3-ded6ecc86024
ace770,80b128a0-4313-4f82-948e-0553d0899c21
jamseven,1deafd45-ce69-42ac-afeb-e626fd71cd19
jennvulpus,fbf269aa-e890-49cb-90cd-1b605bcac06c
_dram,1fd63db9-2386-4737-931f-944a9a372284
dyl_snickle,06441e22-41f9-45e1-89f0-98fc035fc90b
farfig,32556f0f-37ad-4bc6-8657-32e2f8da01cb
business_potato,1fd63db9-2386-4737-931f-944a9a372284
